txId1,txId2
1284,1320
1245,1230
1002,1076
1190,1154
1018,1218
1027,1175
1068,1243
1296,1277
1199,1091
1262,1312
1324,1248
1256,1267
1008,1268
1081,1082
1177,1022
1109,1294
1248,1165
1046,1273
1015,1228
1225,1128
1257,1111
1102,1174
1146,1173
1194,1291
1136,1129
1076,1310
1066,1134
1232,1285
1169,1075
1234,1282
1049,1236
1095,1316
1054,1255
1308,1117
1101,1209
1234,1116
1248,1019
1019,1098
1315,1088
1059,1156
1304,1256
1041,1207
1103,1146
1141,1238
1168,1112
1214,1199
1296,1293
1060,1061
1317,1025
1058,1059
1037,1277
1156,1114
1105,1173
1123,1306
1262,1164
1261,1090
1231,1080
1139,1314
1071,1026
1003,1123
1247,1192
1226,1216
1156,1226
1017,1275
1226,1264
1006,1043
1193,1112
1026,1300
1199,1004
1177,1271
1157,1049
1282,1134
1111,1112
1041,1219
1273,1226
1088,1037
1075,1175
1038,1264
1187,1122
1194,1107
1134,1056
1024,1156
1315,1120
1252,1314
1274,1207
1157,1254
1033,1105
1235,1241
1277,1319
1244,1254
1142,1033
1130,1321
1107,1009
1058,1323
1174,1046
1143,1227
1216,1203
1182,1186
1326,1181
1016,1239
1019,1089
1220,1163
1277,1270
1290,1143
1235,1070
1168,1298
1116,1279
1142,1029
1007,1215
1303,1106
1320,1271
1219,1322
1158,1083
1161,1169
1241,1213
1250,1297
1082,1075
1262,1232
1216,1134
1283,1137
1173,1297
1312,1085
1197,1242
1084,1157
1144,1140
1312,1115
1267,1103
1190,1320
1306,1297
1268,1192
1325,1072
1244,1325
1094,1087
1170,1242
1122,1283
1259,1114
1058,1158
1182,1080
1280,1193
1251,1211
1096,1169
1146,1145
1212,1257
1215,1031
1187,1131
1304,1211
1045,1142
1131,1192
1092,1267
1254,1249
1243,1306
1139,1219
1210,1180
1127,1213
1308,1079
1178,1212
1010,1008
1257,1256
1127,1104
1313,1098
1270,1034
1231,1162
1052,1123
1227,1148
1277,1168
1067,1221
1174,1045
1006,1267
1006,1084
1218,1326
1174,1288
1309,1041
1011,1024
1099,1306
1169,1239
1213,1221
1153,1281
1144,1057
1007,1182
1040,1006
1305,1148
1278,1285
1312,1236
1210,1189
1116,1126
1306,1066
1008,1271
1089,1261
1083,1243
1049,1054
1061,1131
1015,1274
1019,1277
1003,1316
1156,1214
1112,1302
1031,1107
1107,1226
1223,1032
1030,1088
